group,sample_size,intercept,w_c_coef,r_squared,rmse
All Mixes,1781,57.04629358945444,-28.587162187264152,0.23204146282311322,12.229067480725224
GGBS,372,51.50240422939679,-18.70548008263582,0.23503189916815814,11.793066617894565
None,1025,76.77053045369976,-70.23260660190846,0.2385953718034055,11.989061204504901
Fly Ash,384,60.69604839200019,-36.086319601220666,0.4418667933995085,10.673738176608465
